,Saline,Saline,Saline,Saline,Saline,Saline,"2.5 mU Insulin","2.5 mU Insulin","2.5 mU Insulin","2.5 mU Insulin","2.5 mU Insulin","2.5 mU Insulin","2.5 mU Insulin + 3HB","2.5 mU Insulin + 3HB","2.5 mU Insulin + 3HB","2.5 mU Insulin + 3HB","2.5 mU Insulin + 3HB","2.5 mU Insulin + 3HB","1.25 mU Insulin","1.25 mU Insulin","1.25 mU Insulin","1.25 mU Insulin","1.25 mU Insulin","1.25 mU Insulin","1.25 mU Insulin + 3HB","1.25 mU Insulin + 3HB","1.25 mU Insulin + 3HB","1.25 mU Insulin + 3HB","1.25 mU Insulin + 3HB","1.25 mU Insulin + 3HB"
C16:0,1.0000,1.0000,1.0000,1.0000,,,0.6400,0.3800,0.6000,0.5000,,,0.59,0.54,0.88,0.93,0.42,0.52,0.439,0.672,0.763,0.398,0.579,,1.16590895477040,0.96225549736255,0.98331503826088,0.65833898062887,,
C18:1,1.0000,1.0000,1.0000,1.0000,,,0.7800,0.3300,0.5900,0.5100,,,0.52,0.55,1.03,1.13,0.39,0.55,0.431,0.506,0.613,0.573,0.420,,1.09088664940012,0.85377763119012,0.91001591945913,1.44327365570269,,
C18:2,1.0000,1.0000,1.0000,1.0000,,,0.6100,0.3100,0.5000,0.4300,,,0.62,0.58,0.81,0.97,0.45,0.60,0.245,0.439,0.772,0.371,0.475,,1.35527802938968,1.03336784797490,1.12635894079848,0.65704271546578,,