Saline,"2.5 mU Insulin","2.5 mU Insulin + Intralipid","1.25 mU Insulin","1.25 mU Insulin + Intralipid"
0.24449400,0.667984,0.728026,0.422092,0.334448
0.15762000,0.953650,0.819456,0.403182,0.512094
0.15013600,0.902146,0.950141,0.449797,0.565417
0.24373200,0.667984,,0.378079,
0.17788200,,,,
0.32979600,,,,