,Saline,Saline,Saline,Saline,Saline,Saline,"2.5 mU Insulin","2.5 mU Insulin","2.5 mU Insulin","2.5 mU Insulin","2.5 mU Insulin","2.5 mU Insulin","2.5 mU Insulin + Lactate","2.5 mU Insulin + Lactate","2.5 mU Insulin + Lactate","2.5 mU Insulin + Lactate","2.5 mU Insulin + Lactate","2.5 mU Insulin + Lactate","1.25 mU Insulin","1.25 mU Insulin","1.25 mU Insulin","1.25 mU Insulin","1.25 mU Insulin","1.25 mU Insulin","1.25 mU Insulin + Lactate","1.25 mU Insulin + Lactate","1.25 mU Insulin + Lactate","1.25 mU Insulin + Lactate","1.25 mU Insulin + Lactate","1.25 mU Insulin + Lactate"
C16:0,1.0000,1.0000,1.0000,1.0000,,,0.6400,0.3800,0.6000,0.5000,,,0.755369,0.748583,0.809892,0.497850,0.472340,,0.439,0.672,0.763,0.398,0.579,,0.72177419354839,0.65725806451613,0.68548387096774,0.67741935483871,0.80241935483871,0.47580645161290
C18:1,1.0000,1.0000,1.0000,1.0000,,,0.7800,0.3300,0.5900,0.5100,,,0.655961,0.580953,0.670403,0.509435,0.519689,,0.431,0.506,0.613,0.573,0.420,,0.50152555301297,0.44813119755912,0.45766590389016,0.51106025934401,0.43859649122807,0.78565980167811
C18:2,1.0000,1.0000,1.0000,1.0000,,,0.6100,0.3100,0.5000,0.4300,,,0.824263,0.489408,0.560223,0.476605,0.413938,,0.245,0.439,0.772,0.371,0.475,,0.51771117166213,0.65890512756998,0.59450086698043,0.63413425811246,0.57468417141442,0.43349021550656