Saline,"2.5 mU Insulin","2.5 mU Insulin + Lactate","1.25 mU Insulin","1.25 mU Insulin + Lactate"
0.24449400,0.667984,0.692914,0.422092,0.354448
0.15762000,0.953650,0.738103,0.403182,0.512094
0.15013600,0.902146,0.731383,0.449797,0.565417
0.24373200,0.667984,0.800696,0.378079,0.429797
0.17788200,,,,
0.32979600,,,,