{
    "EX_hdca_e": [
        [
            "LUMP_EX_co2_e_co2_e",
            {
                "h_m": 9.6875,
                "nad_m": -1.9375,
                "nadh_m": 1.9375,
                "adp_m": 6.25,
                "atp_m": -6.25,
                "h2o_m": -9.125,
                "fad_m": -0.4375,
                "fadh2_m": 0.4375,
                "hdca_e": -0.0625,
                "fum_m": -0.5,
                "o2_m": 1.4375,
                "pi_m": 6.25,
                "succ_m": 0.5,
                "co2_e": 1.0,
                "h2o_e": 1.0,
                "h_e": -0.0625,
                "o2_e": -1.4375
            },
            {
                "ACONTm": 0.5,
                "AKGDm": 0.5,
                "ATPtm": 6.75,
                "C160CPT1": 0.0625,
                "C160CPT2": 0.0625,
                "CO2tm": -1.0,
                "CSm": 0.5,
                "FACOAL160i": 0.0625,
                "FAOXC160": 0.0625,
                "FATP1t": -0.0625,
                "FUMm": 0.5,
                "H2Otm": -7.687499999999998,
                "ICDHxm": 0.5,
                "MDHm": 0.5,
                "NDPK1m": -0.5,
                "O2tm": 1.4374999999999996,
                "SUCOAS1m": -0.5,
                "r2435": 0.0625,
                "ADK1": 0.0625,
                "CO2t": -1.0,
                "H2Ot": -0.999999999999999,
                "NAt3_1": 0.0625,
                "O2t": 1.4374999999999996,
                "PPA": 0.0625,
                "cyt_atp2adp": 6.625,
                "PiC": 6.75
            },
            "(50.1 or 48.1) and ((4967.2 and 1738.1 and 8050.1 and 1743.1) or (4967.1 and 1738.1 and 8050.1 and 1743.1)) and (291.1 or 293.1 or 292.1) and (126129.1 or 1375.3 or 1374.1 or 1375.2 or 1375.1) and (1376.1 or 1374.1) and (1431.1 or 1431.2) and (2181.2 or 51703.1 or 2180.1 or 2181.1 or 2182.1 or 81616.1) and (34.1 or 35.1) and (376497.2 or 10999.1 or 376497.1 or 11000.1) and (2271.1) and (343.1) and ((3421.2 and 3420.3 and 3419.1) or (3420.1 and 3421.1 and 3419.1) or (3420.1 and 3421.1 and 3419.1) or (3420.3 and 3421.1 and 3419.1) or (3421.1 and 3419.1 and 3420.2) or (3421.2 and 3419.1 and 3420.2)) and (4191.1 or 4190.1) and (4833.1 or 10201.1) and (8802.1 and 8801.1) and (788.1) and (122481.1 or 203.1 or 26289.1 or 26289.2 or 204.1) and (358.1 or 361.1 or 4284.1 or 359.1 or 362.1 or 343.1) and (389015.1 or 6548.1 or 6550.1 or 6549.1 or 6553.1) and (5464.1 or 64077.1)"
        ]
    ],
    "EX_glc_D_e_ox": [
        [
            "LUMP_EX_co2_e_co2_e",
            {
                "h_m": 7.0,
                "nad_m": -1.333333333,
                "nadh_m": 1.333333333,
                "adp_m": 4.666666667,
                "atp_m": -4.666666667,
                "h2o_m": -6.666666667,
                "fum_m": -0.333333333,
                "glc_D_e": -0.166666667,
                "o2_m": 1.0,
                "pyr_m": -0.333333333,
                "pi_m": 4.666666667,
                "succ_m": 0.333333333,
                "co2_e": 1.0,
                "h_c": 1.0,
                "nad_c": -0.333333333,
                "nadh_c": 0.333333333,
                "h2o_e": 1.0,
                "o2_e": -1.0,
                "pyr_c": 0.333333333
            },
            {
                "ACONTm": 0.3333333333333333,
                "AKGDm": 0.3333333333333333,
                "ATPtm": 5.0,
                "CO2tm": -1.0,
                "CSm": 0.3333333333333333,
                "FUMm": 0.3333333333333333,
                "GLCt1r": 0.16666666666666669,
                "H2Otm": -6.000000000000001,
                "ICDHxm": 0.3333333333333333,
                "MDHm": 0.3333333333333333,
                "NDPK1m": -0.3333333333333333,
                "O2tm": 1.0,
                "PDHm": 0.33333333333333337,
                "SUCOAS1m": -0.3333333333333333,
                "CO2t": -1.0,
                "ENO": 0.33333333333333337,
                "FBA": 0.16666666666666669,
                "GAPD": 0.33333333333333337,
                "H2Ot": -1.0000000000000009,
                "HEX1": 0.16666666666666669,
                "O2t": 1.0,
                "PGI": 0.16666666666666669,
                "PGK": -0.33333333333333337,
                "PGM": -0.33333333333333337,
                "TPI": 0.16666666666666669,
                "PFK": 0.16666666666666669,
                "PYK": 0.33333333333333337,
                "cyt_atp2adp": 5.333333333333333,
                "PiC": 5.0
            },
            "(50.1 or 48.1) and ((4967.2 and 1738.1 and 8050.1 and 1743.1) or (4967.1 and 1738.1 and 8050.1 and 1743.1)) and (291.1 or 293.1 or 292.1) and (1431.1 or 1431.2) and (2271.1) and (66035.1 or 6517.1 or 56606.1 or 154091.1 or 6513.1 or 11182.1 or 29988.1 or 6514.1 or 155184.1 or 56606.2 or 144195.1 or 6515.1 or 81031.1) and (343.1) and ((3421.2 and 3420.3 and 3419.1) or (3420.1 and 3421.1 and 3419.1) or (3420.1 and 3421.1 and 3419.1) or (3420.3 and 3421.1 and 3419.1) or (3421.1 and 3419.1 and 3420.2) or (3421.2 and 3419.1 and 3420.2)) and (4191.1 or 4190.1) and (4833.1 or 10201.1) and (((1738.1 and 8050.1) and (5161.1 and 5162.1) and 1737.1) or ((1738.1 and 8050.1) and (5160.1 and 5162.1) and 1737.1)) and (8802.1 and 8801.1) and (2023.1 or 2027.1 or 2027.2 or 2026.1) and (226.2 or 226.1 or 226.3 or 230.1 or 229.1) and (2597.1 or 26330.1) and (358.1 or 361.1 or 4284.1 or 359.1 or 362.1 or 343.1) and (3098.3 or 80201.1 or 2645.3 or 3098.4 or 3099.1 or 2645.2 or 3098.5 or 2645.1 or 3098.1 or 3101.1 or 3098.2) and (2821.1) and (5230.1 or 375056.1 or 5232.1) and (669.1 or 5223.1 or 5224.2 or 5224.1 or 669.2) and (7167.1 or 286016.1) and (5214.1 or 5211.2 or (5214.1 and 5211.1) or (5214.1 and 5213.1) or 5213.1 or (5214.1 and 5211.2) or 5211.1 or (5211.1 and 5213.1) or (5213.1 and 5211.2)) and (5315.2 or 5313.2 or 5315.3 or 5313.1 or 5315.1)"
        ],
        [
            "LUMP_EX_co2_e_co2_e",
            {
                "h_m": 7.0,
                "nad_m": -1.333333333,
                "nadh_m": 1.333333333,
                "adp_m": 4.666666667,
                "atp_m": -4.666666667,
                "h2o_m": -6.666666667,
                "fum_m": -0.333333333,
                "glc_D_e": -0.166666667,
                "o2_m": 1.0,
                "pyr_m": -0.333333333,
                "pi_m": 4.666666667,
                "succ_m": 0.333333333,
                "co2_e": 1.0,
                "h_c": 1.0,
                "nad_c": -0.333333333,
                "nadh_c": 0.333333333,
                "h2o_e": 1.0,
                "o2_e": -1.0,
                "pyr_c": 0.333333333
            },
            {
                "ACONTm": 0.333333333333316,
                "AKGDm": 0.33333333333326387,
                "ATPtm": 5.000000000055985,
                "CO2tm": -1.0,
                "CSm": 0.333333333333316,
                "FUMm": 0.333333333333316,
                "GLCt1r": 0.1666666666667101,
                "H2Otm": -6.0000000000784866,
                "ICDHxm": 0.333333333333316,
                "MDHm": 0.333333333333316,
                "NDPK1m": -0.333333333333316,
                "O2tm": 1.000000000011215,
                "PDHm": 0.3333333333334202,
                "SUCOAS1m": -0.333333333333316,
                "CO2t": -1.0,
                "ENO": 0.3333333333334202,
                "FBA": 0.1666666666667101,
                "GAPD": 0.3333333333334202,
                "H2Ot": -0.9999999998303173,
                "HEX1": 0.1666666666667101,
                "O2t": 1.000000000011177,
                "PGI": 0.1666666666667101,
                "PGM": -0.3333333333334202,
                "TPI": 0.1666666666667101,
                "ACYP": 0.3333333333334202,
                "PFK": 0.1666666666667101,
                "PYK": 0.3333333333334202,
                "cyt_atp2adp": 4.99999999999005,
                "PiC": 5.0000000000560565
            },