{
    "EX_hdca_e": [
        [
            "LUMP_EX_co2_e_co2_e",
            {
                "nad_m": -1.4375,
                "nadh_m": 1.4375,
                "adp_m": 5.587505336,
                "atp_m": -5.587505336,
                "h2o_m": -8.462505336,
                "h_m": 6.587505336,
                "oaa_m": -0.5,
                "fad_m": -0.4375,
                "fadh2_m": 0.4375,
                "fum_m": -0.5,
                "mal_L_m": 0.5,
                "hdca_e": -0.0625,
                "o2_m": 1.4375,
                "pi_m": 5.587505336,
                "succ_m": 0.5,
                "h_e": -0.0625,
                "co2_e": 1.0,
                "h2o_e": 1.0,
                "o2_e": -1.4375
            },
            {
                "ACONTm": 0.49999999999999994,
                "AKGDm": 0.49999999999999994,
                "ATPtm": 6.087505335529238,
                "C160CPT1": 0.06249999999999999,
                "C160CPT2": 0.06249999999999999,
                "CO2tm": -0.9999999999999999,
                "CSm": 0.49999999999999994,
                "FACOAL160i": 0.06249999999999999,
                "FAOXC160": 0.06249999999999999,
                "FUMm": 1.275004944513589,
                "H2Otm": -6.250000391015649,
                "HDCAtr": 0.06249999999999999,
                "ICDHxm": 0.49999999999999994,
                "NDPK1m": -0.49999999999999994,
                "O2tm": 1.4374999999999996,
                "SUCOAS1m": -0.49999999999999994,
                "r0822": 0.7750049445135889,
                "r2435": 0.06249999999999999,
                "The": 0.06250000000000189,
                "ADK1": 0.062499999999999604,
                "CO2t": -1.0,
                "FUM": -0.7750049445135889,
                "H2Ot": -0.9999999999999986,
                "O2t": 1.4374999999999996,
                "PPA": 0.06249999999999999,
                "cyt_atp2adp": 5.962505335529239,
                "PiC": 6.087505335529239
            },
            "(50.1 or 48.1) and ((4967.2 and 1738.1 and 8050.1 and 1743.1) or (4967.1 and 1738.1 and 8050.1 and 1743.1)) and (291.1 or 293.1 or 292.1) and (126129.1 or 1375.3 or 1374.1 or 1375.2 or 1375.1) and (1376.1 or 1374.1) and (1431.1 or 1431.2) and (2181.2 or 51703.1 or 2180.1 or 2181.1 or 2182.1 or 81616.1) and (34.1 or 35.1) and (2271.1) and (343.1) and (10998.1) and ((3421.2 and 3420.3 and 3419.1) or (3420.1 and 3421.1 and 3419.1) or (3420.1 and 3421.1 and 3419.1) or (3420.3 and 3421.1 and 3419.1) or (3421.1 and 3419.1 and 3420.2) or (3421.2 and 3419.1 and 3420.2)) and (4833.1 or 10201.1) and (8802.1 and 8801.1) and (1468.1) and (788.1) and (122481.1 or 203.1 or 26289.1 or 26289.2 or 204.1) and (2271.1) and (358.1 or 361.1 or 4284.1 or 359.1 or 362.1 or 343.1) and (5464.1 or 64077.1)"
        ]
    ],
    "EX_glc_D_e_ox": [
        [
            "LUMP_EX_co2_e_co2_e",
            {
                "nad_m": -1.000001167,
                "nadh_m": 1.000001167,
                "adp_m": 4.133337156,
                "atp_m": -4.133337156,
                "h2o_m": -6.13333949,
                "h_m": 4.800004601,
                "oaa_m": -0.333333722,
                "fum_m": -0.333333722,
                "mal_L_m": 0.333333722,
                "glc_D_e": -0.166666861,
                "o2_m": 1.000001167,
                "pyr_m": -0.333333722,
                "pi_m": 4.133337156,
                "succ_m": 0.333333722,
                "co2_e": 1.000001167,
                "h_c": 0.666667445,
                "nad_c": -0.333333722,
                "nadh_c": 0.333333722,
                "h2o_e": 1.000001167,
                "o2_e": -1.000001167,
                "pyr_c": 0.333333722
            },
            {
                "ACONTm": 0.3333337222789926,
                "AKGDm": 0.3333337222787592,
                "ATPtm": 4.466670878521051,
                "CO2tm": -1.0000011668365902,
                "CSm": 0.3333337222788289,
                "FUMm": 0.33333372227899233,
                "GLCt1r": 0.16666686113876383,
                "H2Otm": -5.466672045358592,
                "ICDHxm": 0.3333337222789926,
                "NDPK1m": -0.3333337222788497,
                "O2tm": 1.0000011668372228,
                "PDHm": 0.3333337222788967,
                "SUCOAS1m": -0.3333337222787592,
                "CO2t": -1.0000011668359108,
                "ENO": 0.33333372227878,
                "FBA": 0.1666668611399367,
                "GAPD": 0.3333337222788645,
                "H2Ot": -1.0000011668361848,
                "HEX1": 0.16666686113889287,
                "O2t": 1.0000011668351583,
                "PGI": 0.16666686114027301,
                "PGK": -0.3333337222788645,
                "PGM": -0.33333372227878,
                "TPI": 0.16666686113960044,
                "PFK": 0.1666668611399367,
                "PYK": 0.33333372227878,
                "cyt_atp2adp": 4.800004600800785,
                "PiC": 4.466670878521033
            },
            "(50.1 or 48.1) and ((4967.2 and 1738.1 and 8050.1 and 1743.1) or (4967.1 and 1738.1 and 8050.1 and 1743.1)) and (291.1 or 293.1 or 292.1) and (1431.1 or 1431.2) and (2271.1) and (66035.1 or 6517.1 or 56606.1 or 154091.1 or 6513.1 or 11182.1 or 29988.1 or 6514.1 or 155184.1 or 56606.2 or 144195.1 or 6515.1 or 81031.1) and (343.1) and ((3421.2 and 3420.3 and 3419.1) or (3420.1 and 3421.1 and 3419.1) or (3420.1 and 3421.1 and 3419.1) or (3420.3 and 3421.1 and 3419.1) or (3421.1 and 3419.1 and 3420.2) or (3421.2 and 3419.1 and 3420.2)) and (4833.1 or 10201.1) and (((1738.1 and 8050.1) and (5161.1 and 5162.1) and 1737.1) or ((1738.1 and 8050.1) and (5160.1 and 5162.1) and 1737.1)) and (8802.1 and 8801.1) and (2023.1 or 2027.1 or 2027.2 or 2026.1) and (226.2 or 226.1 or 226.3 or 230.1 or 229.1) and (2597.1 or 26330.1) and (358.1 or 361.1 or 4284.1 or 359.1 or 362.1 or 343.1) and (3098.3 or 80201.1 or 2645.3 or 3098.4 or 3099.1 or 2645.2 or 3098.5 or 2645.1 or 3098.1 or 3101.1 or 3098.2) and (2821.1) and (5230.1 or 375056.1 or 5232.1) and (669.1 or 5223.1 or 5224.2 or 5224.1 or 669.2) and (7167.1 or 286016.1) and (5214.1 or 5211.2 or (5214.1 and 5211.1) or (5214.1 and 5213.1) or 5213.1 or (5214.1 and 5211.2) or 5211.1 or (5211.1 and 5213.1) or (5213.1 and 5211.2)) and (5315.2 or 5313.2 or 5315.3 or 5313.1 or 5315.1)"
        ],
        [
            "LUMP_EX_co2_e_co2_e",
            {
                "nad_m": -1.0,
                "nadh_m": 1.0,
                "adp_m": 4.466671267,
                "atp_m": -4.466671267,
                "h2o_m": -6.466671267,
                "h_m": 5.133337934,
                "oaa_m": -0.333333333,
                "fum_m": -0.333333333,
                "mal_L_m": 0.333333333,
                "glc_D_e": -0.166666667,
                "o2_m": 1.0,
                "pyr_m": -0.333333333,
                "pi_m": 4.466671267,
                "succ_m": 0.333333333,
                "co2_e": 1.0,
                "h_c": 0.666666667,
                "nad_c": -0.333333333,
                "nadh_c": 0.333333333,
                "h2o_e": 1.0,
                "o2_e": -1.0,
                "pyr_c": 0.333333333
            },
            {
                "ACONTm": 0.3333333333333333,
                "AKGDm": 0.3333333333333333,
                "ATPtm": 4.8000046008007855,
                "CO2tm": -1.0,
                "CSm": 0.3333333333333333,
                "FUMm": 0.3333333333333333,
                "GLCt1r": 0.16666666666666666,
                "H2Otm": -5.8000046008007855,
                "ICDHxm": 0.3333333333333333,
                "NDPK1m": -0.3333333333333333,
                "O2tm": 0.9999999999999999,
                "PDHm": 0.3333333333333333,
                "SUCOAS1m": -0.3333333333333333,
                "CO2t": -1.0,
                "ENO": 0.3333333333333333,
                "FBA": 0.16666666666666666,
                "GAPD": 0.3333333333333333,
                "H2Ot": -1.000000000000001,